5,John,Gordon,
2,Alexandre,Skellen,
3,Charlena,Custard,
4,Cris,Chong,
5,Claudie,Thornally,
6,Jeana,Deegan,
7,Shir,Voelker,
8,Gardy,Wapplington,
9,Rafe,Prosh,
10,Donelle,Gorst,
11,Shanna,Penney,
12,Bradley,Bellsham,
13,Maurene,Simner,
14,Marti,Bickerstasse,
15,Lay,Guion,
16,Harmonia,Shireff,
17,Trudy,Ewert,
18,Morty,Eggerton,
19,Arabele,Goudie,
20,Prissie,Duny,
21,Kaia,Hazlegrove,
22,Davide,Wylam,
23,Maje,MacDonough,
24,Blaine,Beville,
25,Brianna,Sandom,
26,Ulric,Spinke,
27,Daren,Isac,
28,Glyn,Bahlmann,
29,Carilyn,Hallaways,
30,Justus,Abrahams,
31,Roosevelt,Kinahan,
32,Jacklyn,Sargeaunt,
33,Eugine,Chidler,
34,Maurine,Ordemann,
35,Janel,McTrustie,
36,Artemus,Ions,
37,Nathalia,Wickwarth,
38,Livvyy,Severy,
39,Lu,Stone,
40,Kerr,Billham,
41,Stacy,Cottee,
42,Dynah,Brecon,
43,Millisent,McShee,
44,Lyndsay,Griston,
45,Linnea,Petkens,
46,Guillema,Tuckey,
47,Nicola,Sweating,
48,Yolane,Fuzzey,
49,Maximilian,Rive,
50,Lotta,Smithson,
51,Khalil,Tomkins,
52,Joann,Knowller,
53,Bradly,Nicklen,
54,Murial,Bricham,
55,Vyky,Schankelborg,
56,Shelbi,Chatto,
57,Perren,Arniz,
58,Nertie,Mulchrone,
59,Nomi,Van Schafflaer,
60,Daria,Hallihane,
61,Floyd,MacClay,
62,Culley,Chafney,
63,Franz,Ravillas,
64,Rafa,Cotton,
65,Cleo,Cresser,
66,Alysa,Allsupp,
67,Edmund,Barrows,
68,Yolanthe,Vokins,
69,Valdemar,Saben,
70,Birk,MacMoyer,
71,Ashley,Hugnet,
72,Marleah,Denisard,
73,Karney,Innott,
74,Kendrick,Scullin,
75,Esma,Keymer,
76,Loella,Whittek,
77,Britney,Satterly,
78,Hollis,McColm,
79,Kaleb,Gavrielly,
80,Ericka,Haggis,
81,Lorrayne,Pumphrey,
82,Abbie,Whittingham,
83,Ty,Gleed,
84,Babbette,Bramer,
85,Pepita,Attack,
86,Caro,Worboy,
87,Jarrad,Tafani,
88,Noach,Beveredge,
89,Ban,Yersin,
90,Darryl,Lucey,
91,Hedwiga,MacFadzan,
92,Iormina,Kincaid,
93,Mellisa,Hardinge,
94,Jennette,Bignold,
95,Jim,Lepper,
96,John,Karlik,
97,Maurise,Rodolico,
98,Andrea,Dockery,
99,Ky,Laker,
100,Si,Reolfi,
101,Cal,Bohike,
102,Gena,Hush,
103,Tiebold,Whaplington,
104,Candis,Acreman,
105,Tremain,Corhard,
106,Romain,Georg,
107,Brigid,Posselt,
108,Legra,Cessford,
109,Margaux,Mattosoff,
110,Philbert,Guppey,
111,Gavin,Fearn,
112,Michaella,Dillingstone,
113,Brear,Spiller,
114,Goddard,Coggill,
115,Eleonora,Standon,
116,Cristiano,Whellams,
117,Lucio,Self,
118,Judye,Diddams,
119,Gabriello,Beggs,
120,Georgianna,Varndall,
121,Kenn,Serman,
122,Neala,Mathison,
123,Alidia,Girtin,
124,Johnath,Matthisson,
125,Kenneth,Andri,
126,Julee,Oehm,
127,Lucais,Gartan,
128,Juliann,Randalson,
129,Caria,Sadgrove,
130,Dorena,Treadaway,
131,Kare,Earngy,
132,Meggi,Timothy,
133,Becka,Bagnal,
134,Dulcine,Court,
135,Josee,Houdmont,
136,Minna,Arnason,
137,Mollie,Sarjeant,
138,Antoni,Pennings,
139,Tillie,Caslin,
140,Maurizio,Varnham,
141,Genevieve,O'Day,
142,Ogden,Aizkovitch,
143,Denyse,Kubecka,
144,Oberon,Anan,
145,Alica,Bougen,
146,Karlotte,Annetts,
147,Kelli,Gallico,
148,Hedy,Deboy,
149,Lori,Cordoba,
150,Collie,Drife,
151,Anders,Garrick,
152,Cecil,Winspeare,
153,Meryl,Cejka,
154,Jenine,Sackes,
155,Edwin,Maryin,
156,Fulton,McKerton,
157,Rebekkah,Tellenbach,
158,Maxim,Mallam,
159,Sapphire,Masarrat,
160,Nikos,Davidovits,
161,Dyann,Yelland,
162,Nadia,Cromb,
163,Kai,Flack,
164,Allianora,Kowalik,
165,Devina,Casin,
166,Sebastiano,Tuckley,
167,Vinni,Runnacles,
168,Nealson,Callway,
169,Bernadina,Paffitt,
170,Joella,Raselles,
171,Devland,Arrighetti,
172,Therine,Laughlan,
173,Neddy,Rathe,
174,Maureen,Dillamore,
175,Gabrielle,Witton,
176,Alexander,Vibert,
177,Buckie,Brandenberg,
178,Whitney,Eacle,
179,Chadwick,Paprotny,
180,Cherilynn,Henkmann,
181,Allissa,Brownhill,
182,Edi,Feely,
183,Appolonia,Brisker,
184,Reece,Baelde,
185,Karita,Blanch,
186,Felipe,Dowdam,
187,Elwin,Levine,
188,Gordie,Storks,
189,Ailis,Ewles,
190,Cathrine,Derdes,
191,Feodor,Mustoo,
192,Meier,Van Arsdale,
193,Quintilla,Yude,
194,Berna,Ierland,
195,Worthy,MacNamee,
196,Boothe,Slimings,
197,Kelsy,Vittle,
198,Barnett,Audiss,
199,Cassius,O' Hern,
200,Denyse,McAvin,
201,Chad,Twaite,
202,Cordelie,McElhargy,
203,Gavin,Bridgstock,
204,Nettie,Sullivan,
205,Cynde,Pentland,
206,Betta,Cavie,
207,Tudor,Pietasch,
208,Oralee,Bale,
209,Martica,Fetter,
210,Norman,Tosdevin,
211,Wenona,Graber,
212,Gerladina,MacManus,
213,Nigel,Lacotte,
214,Giulia,Adrianello,
215,Arnold,Gwatkins,
216,Gabriella,Tasker,
217,Carney,Gregson,
218,Rosemary,Brennand,
219,Beret,Clough,
220,Hasheem,Crossland,
221,Katrine,Sefton,
222,Bertram,Westgate,
223,Becki,Glisenan,
224,Wendall,Boyn,
225,Filippo,Ralton,
226,Dorthy,Reichert,
227,Sonny,Coultass,
228,Doti,Vaun,
229,Mab,Coronado,
230,Bobbi,Lapree,
231,Sheffie,Tash,
232,Bone,De la Eglise,
233,Tomkin,Bentson,
234,Danna,Slyne,
235,Hedwig,Duncklee,
236,Kippie,Crother,
237,Tedmund,Cromblehome,
238,Cornelle,Margiotta,
239,Rowland,Djurevic,
240,Allx,Spurret,
241,Filbert,Eschelle,
242,Cassandre,Baldini,
243,Ody,De Malchar,
244,Robin,Chadwyck,
245,Dalila,Bamell,
246,Maurita,Gillion,
247,Kakalina,Kiffin,
248,Geneva,Jefford,
249,Shanda,Dikle,
250,Leoline,Kivell,
251,Boycie,Surgey,
252,Clementius,Stodart,
253,Olin,Rumens,
254,Dominga,Keightley,
255,Filippo,Cackett,
256,Leontine,O'Mahoney,
257,Valdemar,Jekyll,
258,Ruby,Dadge,
259,Adolphe,Pessel,
260,Ross,Kirkam,
261,Bryanty,Hurring,
262,Brewer,De Ferrari,
263,Clotilda,Overington,
264,Ann-marie,Climpson,
265,Hurleigh,Pinchen,
266,Bernardine,Klimecki,
267,Hollie,Brou,
268,Fiorenze,Rammell,
269,Kylila,Tregear,
270,Rube,Benzi,
271,Aldis,Dunsmore,
272,Hashim,Cullingworth,
273,Christiano,Leuchars,
274,Guntar,Mateo,
275,Dody,de Verson,
276,Melita,Radborne,
277,Dallas,Cronin,
278,Randell,Edgehill,
279,Darcey,Pottinger,
280,Aubine,Rathe,
281,Arlinda,O'Mannion,
282,Clint,Jansie,
283,Vinson,Climer,
284,Adriaens,Vogeller,
285,Manda,Colchett,
286,Jacynth,Dightham,
287,Jenica,Aldred,
288,Garnet,Banfield,
289,Bradney,Haysey,
290,Osborne,Hastelow,
291,Gelya,Segeswoeth,
292,Verne,Garry,
293,Ferne,Littlewood,
294,Trace,Nelle,
295,Katha,Raggatt,
296,Jasen,Eburne,
297,Griselda,Staddon,
298,Dudley,Kupisz,
299,Car,Hablet,
300,Alma,D'Alessio,
301,Gay,Yearsley,
302,Brew,Lorenzetto,
303,Emmye,Longworth,
304,Carmelia,Hollingsby,
305,Cristian,Belshaw,
306,Lovell,Smithyman,
307,Benedetta,Pyford,
308,Latrina,Jeays,
309,Ted,Lavery,
310,Jarrad,Shelbourne,
311,Waldon,Castelletto,
312,Joete,Carette,
313,Lindsey,Hanaford,
314,Max,Ladley,
315,Packston,Brydon,
316,Bernadette,McNiven,
317,Janene,Gasquoine,
318,Catrina,Grigorescu,
319,Garrek,Meek,
320,Clemente,Petken,
321,Rheba,Gomer,
322,Karlotte,McGonagle,
323,Gannon,Deveraux,
324,Elsi,Loffel,
325,Pernell,Hinnerk,
326,Keriann,Clulee,
327,Janette,Shorten,
328,Anica,Floweth,
329,Jourdan,Van de Vlies,
330,Marlane,Grundwater,
331,Graig,Velti,
332,Adele,Tune,
333,Myer,Bezants,
334,Gilli,Chiplen,
335,Reidar,Furlow,
336,Seka,Imort,
337,Carolyn,Pruckner,
338,Nicolais,Sorsbie,
339,Otes,Lutz,
340,Carlyle,Cota,
341,Fara,Mandy,
342,Shayne,Skechley,
343,Nessie,Sharpin,
344,Damita,Baughen,
345,Maury,Thorsby,
346,Heidie,Dougliss,
347,Fran,Blackadder,
348,Kial,Kurdani,
349,Esdras,Trodler,
350,Arden,Kordas,
351,Lamont,Axford,
352,Che,Screwton,
353,Yasmin,Szimoni,
354,Pansy,Lambden,
355,Hildy,Worshall,
356,Ezmeralda,Celli,
357,Joleen,Andrassy,
358,Erskine,Shrimpling,
359,Hart,Georgel,
360,Viki,Goldstraw,
361,Zuzana,Stanworth,
362,Kellen,Koppe,
363,Mickey,Gyford,
364,Odelinda,Gash,
365,Ileane,Chesshyre,
366,Valentina,Tearle,
367,Baillie,Boxill,
368,Anderson,Meadus,
369,Pedro,Jickells,
370,Bonny,Cerman,
371,Amargo,Testin,
372,Freddi,Totterdill,
373,Crin,Baalham,
374,Web,Syddon,
375,Fielding,Gunstone,
376,Lynne,Ales,
377,Alyce,Jerg,
378,Amandi,Rowan,
379,Ondrea,Olsen,
380,Jordon,Kerswill,
381,Lombard,Meron,
382,Yolanthe,Zanassi,
383,Mose,Marousek,
384,Sayre,Canner,
385,Eadie,Semeradova,
386,Gustavo,MacGaughey,
387,Lothario,Coey,
388,Auberta,Deverose,
389,Steffen,Barden,
390,Lura,Skillanders,
391,Christye,Waud,
392,Mildrid,Formoy,
393,Arlen,Pomfrett,
394,Evita,Fierro,
395,Matthew,Elsbury,
396,Otho,Waliszewski,
397,Joellen,Doncaster,
398,Moise,Duberry,
399,Goldie,Klimochkin,
400,Simeon,Porcher,
401,Willetta,Sorbey,
402,Shanta,Loeber,
403,Deirdre,Perham,
404,Moria,Bradbeer,
405,Babara,Lazar,
406,Melania,Gosz,
407,Virge,Beale,
408,Bruce,McLice,
409,Jehanna,Gilfillan,
410,Burch,Cessford,
411,Issie,Sisnett,
412,Rozanne,Jorin,
413,Norby,Gerber,
414,Ryon,Tunnock,
415,Deanne,Kittles,
416,Harriet,Dearnley,
417,Brigham,Bere,
418,Forster,Hardaway,
419,Goldina,Lippiatt,
420,Orella,Brooker,
421,Bayard,Giottini,
422,Hughie,Olford,
423,Wells,Eldritt,
424,Em,Cudworth,
425,Reilly,Worsnup,
426,Hugues,Goch,
427,Mandy,Ziemsen,
428,Wenda,Rioch,
429,Miquela,Scherer,
430,Aleta,Rosson,
431,Barbara-anne,Lared,
432,Domenico,Garey,
433,Waverley,Trelease,
434,Hildegarde,Alleburton,
435,Brod,Frake,
436,Nikolas,Drescher,
437,Nathanial,Cattanach,
438,Arabelle,Le Jean,
439,Lisette,Dockreay,
440,Shanan,Cassel,
441,Isidoro,Jagg,
442,Montague,Choldcroft,
443,Yorgos,Marven,
444,Waldo,Glaves,
445,Vanny,Smalman,
446,Nanny,Forseith,
447,Tommie,Ohrt,
448,Tilly,Odby,
449,Ami,Braferton,
450,Saxon,Campany,
451,Roz,Aylmer,
452,Abbot,Askham,
453,Deborah,Vasey,
454,Elene,Rewbottom,
455,Charleen,Ofen,
456,Bren,Dioniso,
457,Marylee,Vowells,
458,Leif,Attenborough,
459,Milzie,Fisbey,
460,Juanita,Seares,
461,Noel,Lansberry,
462,Griffin,Jeal,
463,Ram,Spandley,
464,Kelcie,Ghiraldi,
465,Urbano,Crosfeld,
466,Louisa,Gertz,
467,Cherri,Bushen,
468,Duff,Rice,
469,Shanta,Hirsch,
470,Emeline,Ruske,
471,Ethe,Teal,
472,Keelia,Pounsett,
473,Jeannette,Eastope,
474,Benedikta,Caillou,
475,Roscoe,Ridgeway,
476,Cass,Egre,
477,Saraann,Campbell-Dunlop,
478,Eadith,Pooke,
479,Cami,Lippett,
480,Evy,Mulberry,
481,Garth,Mathan,
482,Lorianna,Sidebotham,
483,Nobie,Mabbott,
484,Kenon,Pietesch,
485,Pearline,Aitcheson,
486,Georgianne,Pray,
487,Deonne,Weight,
488,Tanya,Duckworth,
489,Stefanie,O' Bee,
490,Kean,Ruckhard,
491,Pat,Haversum,
492,Lon,Chamley,
493,Rivkah,Fassum,
494,Kinna,Herety,
495,Alameda,Dunbobin,
496,Helenka,Brockhouse,
497,Clary,Casarino,
498,Jilli,Forster,
499,Kay,Privett,
500,Teri,Taylorson,
501,Lexine,Studman,
502,Celle,York,
503,Rafi,Zelake,
504,Madlen,Douglass,
505,Boniface,Camelin,
506,Brigg,Terbrug,
507,Rosabelle,Kubera,
508,Ashien,Vinck,
509,Adolpho,Sibley,
510,Lucille,Simionato,
511,Darbie,Bingle,
512,Aurthur,Lorens,
513,Madelaine,Behnecke,
514,Amberly,Underwood,
515,Ash,Swadden,
516,Lothario,Mockett,
517,Jayme,Arkell,
518,Madelaine,Suddards,
519,Krissie,Eidler,
520,Patrizius,Paliser,
521,Dale,Ambrozewicz,
522,Regan,Bickerdike,
523,Thekla,Brevetor,
524,Roxana,Farr,
525,Page,Swalteridge,
526,Clerkclaude,Maceur,
527,Salomone,Strother,
528,Ike,Penticost,
529,Brady,McKeand,
530,Josee,Mingaye,
531,Tyler,Pinel,
532,Lou,Ivamy,
533,Sharon,Allbrook,
534,Crichton,Held,
535,Erma,Statefield,
536,Koral,Nowakowski,
537,Vally,Smouten,
538,Fonz,Saura,
539,Amalia,Zimmerman,
540,Savina,Standall,
541,Cassondra,Ivanchikov,
542,Denis,Chessman,
543,Clint,L'Episcopio,
544,Toby,Mingo,
545,Rozele,Creffield,
546,Wrennie,Duiguid,
547,Perceval,Carle,
548,Matthaeus,Shaylor,
549,Vera,Beisley,
550,Rosetta,Martineau,
551,Carr,Behling,
552,Durant,Bellamy,
553,Thorvald,Takis,
554,Karmen,McDarmid,
555,Reggi,Vassano,
556,Dulcine,Speddin,
557,Selie,Hatry,
558,Ellie,Ranald,
559,Candie,Rubinowitch,
560,Mill,Van Velde,
561,Guenevere,Romme,
562,Emmet,Adame,
563,Merrill,Tootin,
564,Kipp,Carsberg,
565,Delora,Giovanizio,
566,Gaynor,Skelcher,
567,Gil,Kisbee,
568,Hayyim,Itzik,
569,Rhea,Cuchey,
570,Lorianna,Spawell,
571,Iolanthe,Girardeau,
572,Jessika,Tumility,
573,Seka,MacCaig,
574,Ashlie,Ainsbury,
575,Mickie,Tredwell,
576,Louise,Grioli,
577,Zia,McMenamie,
578,Nettle,MacCostigan,
579,Britteny,Romera,
580,Gasper,Bowes,
581,Fonz,Volante,
582,Darla,Headly,
583,Marianne,Crum,
584,Amye,Runnacles,
585,Orelia,Boshard,
586,Nanon,Kopje,
587,Margaretta,Biddell,
588,Lillis,Grumley,
589,Aldo,Opdenorth,
590,Elvira,De Zuani,
591,Vidovik,Vallintine,
592,Julieta,Kinig,
593,Angil,Byng,
594,Jonathon,Mussetti,
595,Fran,Alders,
596,Hunt,Spuffard,
597,Abeu,Lucy,
598,Wendie,Bardey,
599,Wadsworth,Groven,
600,Michaela,Tilt,
601,Corabella,Janecek,
602,Serene,Ebbett,
603,Con,Gable,
604,Rosella,Cruise,
605,Ali,Treherne,
606,Brina,Goodboddy,
607,Robena,Kittman,
608,Tresa,Bourdon,
609,Costa,Slaight,
610,Bridie,Haskins,
611,Brien,Bosquet,
612,Orv,Rex,
613,Floris,Painter,
614,Martyn,Cosin,
615,Deb,Hanington,
616,Maddalena,Curado,
617,Raoul,Brahan,
618,Petronella,Adamiec,
619,Joli,Guidera,
620,Carolee,Shermar,
621,Reese,Ewbanke,
622,Wilma,Ravilious,
623,Britta,Brosh,
624,Genovera,Maghull,
625,Josefina,Bolf,
626,Gerrie,Borrow,
627,Grange,Boullin,
628,Krishna,Stamps,
629,Valdemar,Rowsell,
630,Clemence,Lawton,
631,Amy,Charrett,
632,Carlie,Crombleholme,
633,Arly,Levesque,
634,Munroe,Wooller,
635,Smith,Polson,
636,Merralee,Habershon,
637,Josselyn,Waterfall,
638,Merrill,Lowrie,
639,Hunfredo,Lebarree,
640,Ricoriki,Healks,
641,Karine,Brodbin,
642,Phyllys,Kilgallen,
643,Washington,McDonough,
644,Gawain,Jancy,
645,Lancelot,Garden,
646,Gracie,Schellig,
647,Mei,Skelbeck,
648,Vale,Downing,
649,Kippie,Debrett,
650,Em,Inskipp,
651,Rica,Bridell,
652,Lonna,Hillburn,
653,Birgit,Willerstone,
654,Willow,Rake,
655,Goldia,Millwater,
656,Jeffry,Tootal,
657,Weider,Belsey,
658,Sacha,Scrowson,
659,Adelind,Mitie,
660,Sioux,Codner,
661,Clemence,Ragdale,
662,Cesya,Doddemeede,
663,Sigvard,Flageul,
664,Kendricks,Gierth,
665,August,Scheffel,
666,Shaine,Caldero,
667,Giulietta,Patterson,
668,Rouvin,Lenz,
669,Charyl,Nieass,
670,Stanton,Dwyr,
671,Staci,Scammell,
672,Kamillah,Telfer,
673,Danielle,Kielt,
674,Pamella,Prozillo,
675,Hannie,O'Dowgaine,
676,Lanita,Lampen,
677,Lazare,Findley,
678,Aurelie,Alans,
679,Cecelia,Biles,
680,Mikaela,Adshad,
681,Haley,Parade,
682,Rodi,Rankin,
683,Cairistiona,Stenhouse,
684,Mac,Burhouse,
685,Tim,Alvarado,
686,Beverly,Finker,
687,Wynny,Glassard,
688,Thomasa,Keelin,
689,Reynolds,Rame,
690,Francine,Pitcaithley,
691,Conan,Tracey,
692,Kari,Puddan,
693,Fleming,Dyball,
694,Francyne,Tierny,
695,Damaris,Voice,
696,Janette,Koppelmann,
697,Rancell,Kamena,
698,Whittaker,Gilbane,
699,Aubine,Banstead,
700,Quent,Loren,
701,Dewie,Trowle,
702,Garland,Rudolph,
703,Jami,McCome,
704,Nikki,Klempke,
705,Judy,Adrianello,
706,Eada,Blenkinship,
707,Jaquenette,Rickarsey,
708,Gae,Nore,
709,Dawn,Truran,
710,Gabey,Jiles,
711,Filippa,Tailour,
712,Rodi,Iiannoni,
713,Diana,De Filippi,
714,Ynez,Kilvington,
715,Robinia,Mountstephen,
716,Vaughan,Wogdon,
717,Eleni,Critchard,
718,Marcelo,Valente,
719,Huntley,Akid,
720,Jackie,Farfoot,
721,Demetria,Offield,
722,Carlynn,Pirrone,
723,Janot,Orriss,
724,Yvonne,Jerg,
725,Loralee,Dumbarton,
726,Kerry,Millins,
727,Jordana,Pidgley,
728,Baxter,Baumann,
729,Maxi,Tregidgo,
730,Lelia,Macer,
731,Deirdre,Westwell,
732,Pierrette,Elfe,
733,Jesselyn,Zecchi,
734,Malia,Elward,
735,Marie,Ragot,
736,Melesa,Caplis,
737,Ambur,Pioli,
738,Darice,Greystock,
739,Linn,de Werk,
740,Di,Fritschmann,
741,Emiline,Darell,
742,Kennedy,Figg,
743,Boigie,McLemon,
744,Eddie,Arstall,
745,Jacki,Barchrameev,
746,Elana,Sarrell,
747,Hy,Burnyate,
748,Danica,Lafflin,
749,Holmes,Conrath,
750,Horatia,Bastiman,
751,Oliver,Gazzard,
752,Nalani,Garbott,
753,Lyon,Benns,
754,Ysabel,McClay,
755,Richmond,Stockton,
756,Agathe,McPhaden,
757,Nell,Speakman,
758,Dedie,Stallan,
759,Noelle,de Werk,
760,Mallissa,Pease,
761,Josefa,Stripp,
762,Cherye,Areles,
763,Sophi,Hargie,
764,Sydelle,Chudleigh,
765,Sutherlan,Humfrey,
766,Kinny,Trawin,
767,Mildrid,Daveley,
768,Levi,Boerderman,
769,Pietrek,Parry,
770,Thalia,Timeby,
771,Leon,Casini,
772,Horton,Strippling,
773,Mora,Wisam,
774,Devland,Paddington,
775,Allyn,Ropars,
776,Howie,Hargrave,
777,Diego,Niesel,
778,Sarge,Slinger,
779,Melly,Matijasevic,
780,Gusti,Ashfull,
781,Tybalt,Tremain,
782,Lita,Conford,
783,Meara,Domenicone,
784,Mureil,Gerler,
785,Blaire,Keighley,
786,Alejandra,Abramchik,
787,Lalo,Pascall,
788,Benjamen,Winskill,
789,Lizzy,Ladbrook,
790,Larry,Strotton,
791,Brittne,Curryer,
792,Rolfe,Simmings,
793,Gussi,Halpin,
794,Daffy,Dalrymple,
795,Theodoric,Snoddy,
796,Phillie,Louisot,
797,Gayelord,Hryniewicki,
798,Marwin,Dowsett,
799,Olivier,Maud,
800,Chanda,Peoples,
801,Antonius,Rannald,
802,Elton,Heddy,
803,Waverly,de Keyser,
804,Tessy,Kenwin,
805,Bonni,Pellissier,
806,Aubrey,Leedes,
807,Ariella,Pochet,
808,Holly-anne,MacNeillie,
809,Lottie,Lewinton,
810,Kenneth,Thome,
811,Lizabeth,Mordin,
812,Natalina,MacKenny,
813,Victoir,Collis,
814,Sher,Anelay,
815,Diane-marie,Braywood,
816,Korry,Madders,
817,Carie,Henker,
818,Toddie,Vanyukov,
819,Kamillah,Bothbie,
820,Sheridan,Soper,
821,Antonina,Moreton,
822,Barry,Dorkin,
823,Terri,Thistleton,
824,Kilian,Copnell,
825,Reggie,Clayfield,
826,Carolee,Vogelein,
827,Ayn,Pestell,
828,Kitty,Garmon,
829,Corena,Osbiston,
830,Mariska,Gozney,
831,Alvan,Worters,
832,Rosco,Copcutt,
833,Fulton,Conaboy,
834,Massimiliano,Gateley,
835,Vina,Beddin,
836,Johna,Lovel,
837,Phylys,Newitt,
838,Orelee,Maystone,
839,Elysia,LaBastida,
840,Steffane,Punter,
841,Cherilyn,Dring,
842,Justine,Luchetti,
843,Gael,Willshee,
844,Bay,Reynish,
845,Jennine,Hassard,
846,Joaquin,Caveau,
847,Siobhan,Davoren,
848,Donetta,Hubner,
849,Valery,Deeth,
850,Stanleigh,Kingswood,
851,Shermy,Scolts,
852,Bayard,Davidovich,
853,Adelaide,Guittet,
854,Sharleen,Ford,
855,Beulah,Mackison,
856,Eugine,Jillins,
857,Charissa,Buckenham,
858,Tomas,Tenpenny,
859,Muire,Malin,
860,Bride,Hathaway,
861,Francyne,Wagen,
862,Lorena,Osburn,
863,Cristin,Medley,
864,Findley,Philliskirk,
865,Ashli,Verity,
866,Ettore,Melato,
867,Angelica,Sweetzer,
868,Julianna,Flinders,
869,Reece,Pyle,
870,Jenda,Annets,
871,Maudie,Threadgould,
872,Adelice,Pacitti,
873,Alida,Tullot,
874,Harriet,Rehn,
875,Cathee,Cowwell,
876,Riki,Olivetti,
877,Elfrida,Hymans,
878,Elise,Schubbert,
879,Zorine,Ugolotti,
880,Colman,Feirn,
881,Sumner,Pursey,
882,Estevan,Korneluk,
883,Averil,Peegrem,
884,Johny,Hexter,
885,Stephenie,Mosedall,
886,Alameda,Napoleon,
887,Alfy,Hadwin,
888,Rudd,Harlock,
889,Kym,Waything,
890,Bibbye,Parlott,
891,Nichole,D'Orsay,
892,Antoine,Redborn,
893,Harcourt,Lantuff,
894,Emmalyn,Eberz,
895,Frederique,Anthiftle,
896,Billie,Battabee,
897,Emylee,Soff,
898,Maud,Vineall,
899,Ilyssa,Stoltz,
900,Petrina,Saban,
901,Steffi,O'Cullinane,
902,Waverly,Gurr,
903,Rebecka,Clac,
904,Giselle,Franciottoi,
905,Krysta,Pakes,
906,Kimmy,Brailsford,
907,Salaidh,Artin,
908,Lena,Bleything,
909,Ernst,Pilling,
910,Georgeta,McIsaac,
911,Edik,Grunbaum,
912,Leona,Pedersen,
913,Tybi,Sivewright,
914,Shannan,McMearty,
915,Brittany,Mohring,
916,Hillary,Braikenridge,
917,Darsie,Brice,
918,Bill,Prantl,
919,Trev,Fone,
920,Crystal,Blanc,
921,Dario,Southby,
922,Terrill,Stentiford,
923,Wait,Duckinfield,
924,Valaria,Keuntje,
925,Wadsworth,Shulem,
926,Vivia,Slatten,
927,Loralyn,Mays,
928,Bell,Garforth,
929,Candice,Castagnier,
930,Terrel,Axelbey,
931,Kacy,Luney,
932,Hobie,Rickett,
933,Charmine,Gatchel,
934,Nicky,Cordelette,
935,Torey,Kaplin,
936,Ashby,Fawlkes,
937,Genia,Whyte,
938,Yancey,Jellard,
939,Inesita,Beamand,
940,Raychel,Cahn,
941,Peggy,Extil,
942,El,Mc Ilwrick,
943,Jolee,Taw,
944,Shepperd,Seckington,
945,Sasha,Dike,
946,D'arcy,Seth,
947,Nikolaus,Rakes,
948,Krysta,Prangnell,
949,Kareem,Krystof,
950,Raviv,Wilse,
951,Mandi,Allsupp,
952,Moritz,Eglin,
953,Joella,Ramel,
954,Boonie,Andrivot,
955,Thomasin,Thunnercliffe,
956,Durante,Gorham,
957,Ram,Dayborne,
958,Solly,Meco,
959,Bernarr,Clute,
960,Jessa,Midlar,
961,Rene,Knowling,
962,Burton,McEwan,
963,Antoni,Goodbanne,
964,Gusti,Hallford,
965,Carr,Lowman,
966,Kerrill,Kearns,
967,Beryl,Stadden,
968,Eddy,Haggerston,
969,Holly,Erdes,
970,Maynard,Sells,
971,Celka,Birks,
972,Nathanil,Arnaez,
973,Tracy,McShea,
974,Zechariah,Brotherheed,
975,Felix,McAughtry,
976,Freeland,Althorp,
977,Jonas,Feather,
978,Fawnia,Josefowicz,
979,Ambrose,Pittendreigh,
980,Caspar,Kinneally,
981,Stephenie,Riglesford,
982,Everard,Osichev,
983,Oliy,Collacombe,
984,Jonie,Pidgeley,
985,Delmar,Ruffey,
986,Johnnie,Libbe,
987,Iorgos,Lavis,
988,Tate,Lawrie,
989,Odele,Foux,
990,Tiff,Stare,
991,Reggy,Maudling,
992,Jeanie,Brownbill,
993,Myrtie,Vanstone,
994,Kerwin,Skehens,
995,Buckie,Nassau,
996,Sly,Tupman,
997,Euphemia,Union,
998,Michale,Enticknap,
999,Raul,Daughtery,
1000,Hilary,Constable,
